ID;Name;Sex;Age;Height;Weight;Team;NOC;Games;Year;Season;City;Sport;Event;Medal
351;Julius Shareef Abdur-Rahim;M;230;2020;1040;United States;USA;2000 Summer;2000;Summer;Sydney;Basketball;Basketball Men's Basketball;Gold
2636;"Stephen Todd ""Steve"" Alford";M;190;1850;740;United States;USA;1984 Summer;1984;Summer;Los Angeles;Basketball;Basketball Men's Basketball;Gold
2863;Walter Ray Allen;M;250;1920;930;United States;USA;2000 Summer;2000;Summer;Sydney;Basketball;Basketball Men's Basketball;Gold
3874;"William Lloyd ""Willie"" Anderson, Jr.";M;210;2000;860;United States;USA;1988 Summer;1988;Summer;Seoul;Basketball;Basketball Men's Basketball;Bronze
4505;Carmelo Kyan Anthony;M;200;2030;1090;United States;USA;2004 Summer;2004;Summer;Athina;Basketball;Basketball Men's Basketball;Bronze
4505;Carmelo Kyan Anthony;M;240;2030;1090;United States;USA;2008 Summer;2008;Summer;Beijing;Basketball;Basketball Men's Basketball;Gold
4505;Carmelo Kyan Anthony;M;280;2030;1090;United States;USA;2012 Summer;2012;Summer;London;Basketball;Basketball Men's Basketball;Gold
4505;Carmelo Kyan Anthony;M;320;2030;1090;United States;USA;2016 Summer;2016;Summer;Rio de Janeiro;Basketball;Basketball Men's Basketball;Gold
5173;"Michel Taylor ""Tate"" Armstrong";M;200;1900;770;United States;USA;1976 Summer;1976;Summer;Montreal;Basketball;Basketball Men's Basketball;Gold
5212;Jay Joseph Hoyland Arnette;M;210;1880;790;United States;USA;1960 Summer;1960;Summer;Roma;Basketball;Basketball Men's Basketball;Gold
5949;Stacey Orlando Augmon;M;200;2000;870;United States;USA;1988 Summer;1988;Summer;Seoul;Basketball;Basketball Men's Basketball;Bronze
7040;"Vincent Lamont ""Vin"" Baker";M;280;2070;1090;United States;USA;2000 Summer;2000;Summer;Sydney;Basketball;Basketball Men's Basketball;Gold
7396;"Samuel J. ""Sam"" Balter, Jr.";M;260;1780;680;United States;USA;1936 Summer;1936;Summer;Berlin;Basketball;Basketball Men's Basketball;Gold
7586;"Michael Allen ""Mike"" Bantom";M;200;2030;930;United States;USA;1972 Summer;1972;Summer;Munich;Basketball;Basketball Men's Basketball;Silver
7881;"Clifford Eugene ""Cliff"" Barker";M;270;1880;840;United States;USA;1948 Summer;1948;Summer;London;Basketball;Basketball Men's Basketball;Gold
7901;Charles Wade Barkley;M;290;1980;1140;United States;USA;1992 Summer;1992;Summer;Barcelona;Basketball;Basketball Men's Basketball;Gold
7901;Charles Wade Barkley;M;330;1980;1140;United States;USA;1996 Summer;1996;Summer;Atlanta;Basketball;Basketball Men's Basketball;Gold
7908;"Donald Argee ""Don"" Barksdale";M;250;1980;910;United States;USA;1948 Summer;1948;Summer;London;Basketball;Basketball Men's Basketball;Gold
7956;Harrison Bryce Jordan Barnes;M;240;2030;1020;United States;USA;2016 Summer;2016;Summer;Rio de Janeiro;Basketball;Basketball Men's Basketball;Gold
7958;"Velvet James ""Jim"" Barnes";M;230;2010;1090;United States;USA;1964 Summer;1964;Summer;Tokyo;Basketball;Basketball Men's Basketball;Gold
8104;"Michael Thomas ""Mike"" Barrett";M;250;1880;730;United States;USA;1968 Summer;1968;Summer;Mexico City;Basketball;Basketball Men's Basketball;Gold
9039;Ralph Milton Beard, Jr.;M;200;1780;790;United States;USA;1948 Summer;1948;Summer;London;Basketball;Basketball Men's Basketball;Gold
9178;"Lewis William ""Lew"" Beck, Jr.";M;260;1830;750;United States;USA;1948 Summer;1948;Summer;London;Basketball;Basketball Men's Basketball;Gold
9670;"Walter Jones ""Walt"" Bellamy, Jr.";M;230;2110;980;United States;USA;1960 Summer;1960;Summer;Roma;Basketball;Basketball Men's Basketball;Gold
11668;Larry Joe Bird;M;350;2050;1000;United States;USA;1992 Summer;1992;Summer;Barcelona;Basketball;Basketball Men's Basketball;Gold
11790;Ralph English Bishop;M;200;1930;860;United States;USA;1936 Summer;1936;Summer;Berlin;Basketball;Basketball Men's Basketball;Gold
13302;"Ronald Yngve ""Ron"" Bontemps";M;250;1880;790;United States;USA;1952 Summer;1952;Summer;Helsinki;Basketball;Basketball Men's Basketball;Gold
13371;"Robert Lewis ""Bob"" Boozer";M;230;2030;990;United States;USA;1960 Summer;1960;Summer;Roma;Basketball;Basketball Men's Basketball;Gold
13372;Carlos Austin Boozer, Jr.;M;220;2060;1170;United States;USA;2004 Summer;2004;Summer;Athina;Basketball;Basketball Men's Basketball;Bronze
13372;Carlos Austin Boozer, Jr.;M;260;2060;1170;United States;USA;2008 Summer;2008;Summer;Beijing;Basketball;Basketball Men's Basketball;Gold
13682;"Vincent Joseph ""Vince"" Boryla";M;210;1950;950;United States;USA;1948 Summer;1948;Summer;London;Basketball;Basketball Men's Basketball;Gold
13739;"Christopher Wesson ""Chris"" Bosh";M;240;2080;1040;United States;USA;2008 Summer;2008;Summer;Beijing;Basketball;Basketball Men's Basketball;Gold
14153;"Richard James ""Dick"" Boushka";M;220;1950;950;United States;USA;1956 Summer;1956;Summer;Melbourne;Basketball;Basketball Men's Basketball;Gold
14504;"William Warren ""Bill"" Bradley";M;210;1960;930;United States;USA;1964 Summer;1964;Summer;Tokyo;Basketball;Basketball Men's Basketball;Gold
15009;"James Turner ""Jim"" Brewer";M;200;2060;1000;United States;USA;1972 Summer;1972;Summer;Munich;Basketball;Basketball Men's Basketball;Silver
15555;"Lawrence Harvey ""Larry"" Brown";M;240;1780;730;United States;USA;1964 Summer;1964;Summer;Tokyo;Basketball;Basketball Men's Basketball;Gold
15891;Kobe Bean Bryant;M;290;1980;1000;United States;USA;2008 Summer;2008;Summer;Beijing;Basketball;Basketball Men's Basketball;Gold
15891;Kobe Bean Bryant;M;330;1980;1000;United States;USA;2012 Summer;2012;Summer;London;Basketball;Basketball Men's Basketball;Gold
16109;William Quinn Buckner;M;210;1900;920;United States;USA;1976 Summer;1976;Summer;Montreal;Basketball;Basketball Men's Basketball;Gold
16639;Tommy Loren Burleson;M;200;2230;1020;United States;USA;1972 Summer;1972;Summer;Munich;Basketball;Basketball Men's Basketball;Silver
16923;Jimmy Butler III;M;260;2010;990;United States;USA;2016 Summer;2016;Summer;Rio de Janeiro;Basketball;Basketball Men's Basketball;Gold
17312;Carl Cecil Cain;M;220;1900;860;United States;USA;1956 Summer;1956;Summer;Melbourne;Basketball;Basketball Men's Basketball;Gold
17417;"Joseph Louis ""Joe"" Caldwell";M;220;1960;890;United States;USA;1964 Summer;1964;Summer;Tokyo;Basketball;Basketball Men's Basketball;Gold
18450;Gordon C. Carpenter;M;280;2000;1000;United States;USA;1948 Summer;1948;Summer;London;Basketball;Basketball Men's Basketball;Gold
18483;"Kenneth Alan ""Kenny"" Carr";M;200;2000;1020;United States;USA;1976 Summer;1976;Summer;Montreal;Basketball;Basketball Men's Basketball;Gold
18662;"Vincent Lamar ""Vince"" Carter";M;230;1950;1020;United States;USA;2000 Summer;2000;Summer;Sydney;Basketball;Basketball Men's Basketball;Gold
19736;Tyson Cleotis Chandler;M;290;2160;1070;United States;USA;2012 Summer;2012;Summer;London;Basketball;Basketball Men's Basketball;Gold
21943;John Richard Clawson;M;240;1930;910;United States;USA;1968 Summer;1968;Summer;Mexico City;Basketball;Basketball Men's Basketball;Gold
22361;"Vernell Eufaye ""Bimbo"" Coles";M;200;1850;790;United States;USA;1988 Summer;1988;Summer;Seoul;Basketball;Basketball Men's Basketball;Bronze
22460;"Paul Douglas ""Doug"" Collins";M;210;1980;820;United States;USA;1972 Summer;1972;Summer;Munich;Basketball;Basketball Men's Basketball;Silver
23453;"Melvin Grant ""Mel"" Counts";M;220;2130;1020;United States;USA;1964 Summer;1964;Summer;Tokyo;Basketball;Basketball Men's Basketball;Gold
23497;DeMarcus Amir Cousins;M;250;2100;1220;United States;USA;2016 Summer;2016;Summer;Rio de Janeiro;Basketball;Basketball Men's Basketball;Gold
25309;Adrian Delano Dantley;M;210;1950;950;United States;USA;1976 Summer;1976;Summer;Montreal;Basketball;Basketball Men's Basketball;Gold
25378;"Charles Frick ""Chuck"" Darling";M;260;2030;1020;United States;USA;1956 Summer;1956;Summer;Melbourne;Basketball;Basketball Men's Basketball;Gold
25616;"Richard Allen ""Dick"" Davies";M;280;1860;800;United States;USA;1964 Summer;1964;Summer;Tokyo;Basketball;Basketball Men's Basketball;Gold
25667;Anthony Marshon Davis, Jr.;M;190;2080;1000;United States;USA;2012 Summer;2012;Summer;London;Basketball;Basketball Men's Basketball;Gold
25705;"Kenneth Bryan ""Kenny"" Davis";M;230;1800;820;United States;USA;1972 Summer;1972;Summer;Munich;Basketball;Basketball Men's Basketball;Silver
25728;Walter Paul Davis;M;210;1950;860;United States;USA;1976 Summer;1976;Summer;Montreal;Basketball;Basketball Men's Basketball;Gold
26966;"Donald Francis ""Don"" Dee";M;250;2010;930;United States;USA;1968 Summer;1968;Summer;Mexico City;Basketball;Basketball Men's Basketball;Gold
27743;DeMar Darnell DeRozan;M;260;2010;990;United States;USA;2016 Summer;2016;Summer;Rio de Janeiro;Basketball;Basketball Men's Basketball;Gold
28747;"Terence Gilbert ""Terry"" Dischinger";M;190;1980;860;United States;USA;1960 Summer;1960;Summer;Roma;Basketball;Basketball Men's Basketball;Gold
30009;Clyde Austin Drexler;M;300;2000;1010;United States;USA;1992 Summer;1992;Summer;Barcelona;Basketball;Basketball Men's Basketball;Gold
30632;"Timothy Theodore ""Tim"" Duncan";M;280;2130;1040;United States;USA;2004 Summer;2004;Summer;Athina;Basketball;Basketball Men's Basketball;Bronze
30807;Kevin Wayne Durant;M;230;2060;1050;United States;USA;2012 Summer;2012;Summer;London;Basketball;Basketball Men's Basketball;Gold
30807;Kevin Wayne Durant;M;270;2060;1050;United States;USA;2016 Summer;2016;Summer;Rio de Janeiro;Basketball;Basketball Men's Basketball;Gold
33430;"William Best ""Billy"" Evans";M;240;1850;840;United States;USA;1956 Summer;1956;Summer;Melbourne;Basketball;Basketball Men's Basketball;Gold
33553;Patrick Aloysius Ewing;M;210;2130;1090;United States;USA;1984 Summer;1984;Summer;Los Angeles;Basketball;Basketball Men's Basketball;Gold
33553;Patrick Aloysius Ewing;M;290;2130;1090;United States;USA;1992 Summer;1992;Summer;Barcelona;Basketball;Basketball Men's Basketball;Gold
35789;"Vernon ""Vern"" Fleming";M;220;1950;840;United States;USA;1984 Summer;1984;Summer;Los Angeles;Basketball;Basketball Men's Basketball;Gold
36207;"James Ricardo ""Jim"" Forbes";M;200;2030;910;United States;USA;1972 Summer;1972;Summer;Munich;Basketball;Basketball Men's Basketball;Silver
36233;"Gilbert ""Gib"" Ford";M;250;1930;910;United States;USA;1956 Summer;1956;Summer;Melbourne;Basketball;Basketball Men's Basketball;Gold
36237;"Philip Jackson ""Phil"" Ford, Jr.";M;200;1880;770;United States;USA;1976 Summer;1976;Summer;Montreal;Basketball;Basketball Men's Basketball;Gold
36368;"Joseph Cephis ""Joe"" Fortenberry";M;250;2030;840;United States;USA;1936 Summer;1936;Summer;Berlin;Basketball;Basketball Men's Basketball;Gold
36551;"Calvin Bernard ""Cal"" Fowler";M;280;1860;770;United States;USA;1968 Summer;1968;Summer;Mexico City;Basketball;Basketball Men's Basketball;Gold
37019;"Marcus Ross ""Marc"" Freiberger";M;230;2110;980;United States;USA;1952 Summer;1952;Summer;Helsinki;Basketball;Basketball Men's Basketball;Gold
38826;Kevin Maurice Garnett;M;240;2070;1000;United States;USA;2000 Summer;2000;Summer;Sydney;Basketball;Basketball Men's Basketball;Gold
39561;Paul George;M;260;2060;990;United States;USA;2016 Summer;2016;Summer;Rio de Janeiro;Basketball;Basketball Men's Basketball;Gold
40143;"John Haskell ""Tex"" Gibbons";M;280;1850;790;United States;USA;1936 Summer;1936;Summer;Berlin;Basketball;Basketball Men's Basketball;Gold
40703;Victor Wayne Glasgow;M;260;1900;860;United States;USA;1952 Summer;1952;Summer;Helsinki;Basketball;Basketball Men's Basketball;Gold
42553;"Jeffrey ""Jeff"" Grayer";M;220;1950;910;United States;USA;1988 Summer;1988;Summer;Seoul;Basketball;Basketball Men's Basketball;Bronze
42622;Draymond Jamal Green;M;260;2000;1040;United States;USA;2016 Summer;2016;Summer;Rio de Janeiro;Basketball;Basketball Men's Basketball;Gold
43246;"Alexander John ""Alex"" Groza";M;210;2000;1000;United States;USA;1948 Summer;1948;Summer;London;Basketball;Basketball Men's Basketball;Gold
43340;"Ernest ""Ernie"" Grunfeld";M;210;1980;1020;United States;USA;1976 Summer;1976;Summer;Montreal;Basketball;Basketball Men's Basketball;Gold
44951;"Burdette Eliele ""Burdie"" Haldorson";M;220;2060;1020;United States;USA;1956 Summer;1956;Summer;Melbourne;Basketball;Basketball Men's Basketball;Gold
44951;"Burdette Eliele ""Burdie"" Haldorson";M;260;2060;1020;United States;USA;1960 Summer;1960;Summer;Roma;Basketball;Basketball Men's Basketball;Gold
45963;"Anfernee Deon ""Penny"" Hardaway";M;240;2000;910;United States;USA;1996 Summer;1996;Summer;Atlanta;Basketball;Basketball Men's Basketball;Gold
45964;"Timothy Duane ""Tim"" Hardaway";M;340;1800;880;United States;USA;2000 Summer;2000;Summer;Sydney;Basketball;Basketball Men's Basketball;Gold
45970;James Edward Harden, Jr.;M;220;1960;1000;United States;USA;2012 Summer;2012;Summer;London;Basketball;Basketball Men's Basketball;Gold
46770;Hersey R. Hawkins, Jr.;M;220;1900;860;United States;USA;1988 Summer;1988;Summer;Seoul;Basketball;Basketball Men's Basketball;Bronze
46886;Spencer Haywood;M;190;2030;1020;United States;USA;1968 Summer;1968;Summer;Mexico City;Basketball;Basketball Men's Basketball;Gold
46916;"Walter Raphael ""Walt"" Hazzard";M;220;1910;910;United States;USA;1964 Summer;1964;Summer;Tokyo;Basketball;Basketball Men's Basketball;Gold
47588;"Thomas Edward ""Tom"" Henderson";M;200;1880;860;United States;USA;1972 Summer;1972;Summer;Munich;Basketball;Basketball Men's Basketball;Silver
48571;Grant Henry Hill;M;230;2030;1020;United States;USA;1996 Summer;1996;Summer;Atlanta;Basketball;Basketball Men's Basketball;Gold
48958;"Charles Monroe ""Charlie"" Hoag";M;200;1880;840;United States;USA;1952 Summer;1952;Summer;Helsinki;Basketball;Basketball Men's Basketball;Gold
50132;"Wilmer Frederick ""Bill"" Hosket";M;210;2030;1020;United States;USA;1968 Summer;1968;Summer;Mexico City;Basketball;Basketball Men's Basketball;Gold
50231;"William Marion ""Bill"" Hougland";M;220;1950;860;United States;USA;1952 Summer;1952;Summer;Helsinki;Basketball;Basketball Men's Basketball;Gold
50231;"William Marion ""Bill"" Hougland";M;260;1950;860;United States;USA;1956 Summer;1956;Summer;Melbourne;Basketball;Basketball Men's Basketball;Gold
50268;Allan Wade Houston;M;290;1950;910;United States;USA;2000 Summer;2000;Summer;Sydney;Basketball;Basketball Men's Basketball;Gold
50311;Dwight David Howard;M;220;2110;1200;United States;USA;2008 Summer;2008;Summer;Beijing;Basketball;Basketball Men's Basketball;Gold
50688;"Phillip Gregory ""Phil"" Hubbard";M;190;2000;880;United States;USA;1976 Summer;1976;Summer;Montreal;Basketball;Basketball Men's Basketball;Gold
51724;Andre Tyler Iguodala;M;280;1980;940;United States;USA;2012 Summer;2012;Summer;London;Basketball;Basketball Men's Basketball;Gold
52026;Darrall Tucker Imhoff;M;210;2110;980;United States;USA;1960 Summer;1960;Summer;Roma;Basketball;Basketball Men's Basketball;Gold
52383;Kyrie Andrew Irving;M;240;1900;870;United States;USA;2016 Summer;2016;Summer;Rio de Janeiro;Basketball;Basketball Men's Basketball;Gold
52912;Allen Ezail Iverson;M;290;1820;830;United States;USA;2004 Summer;2004;Summer;Athina;Basketball;Basketball Men's Basketball;Bronze
53134;"Lucious Brown ""Luke"" Jackson, Jr.";M;220;2060;1070;United States;USA;1964 Summer;1964;Summer;Tokyo;Basketball;Basketball Men's Basketball;Gold
53494;LeBron Raymone James;M;190;2030;1140;United States;USA;2004 Summer;2004;Summer;Athina;Basketball;Basketball Men's Basketball;Bronze
53494;LeBron Raymone James;M;230;2030;1140;United States;USA;2008 Summer;2008;Summer;Beijing;Basketball;Basketball Men's Basketball;Gold
53494;LeBron Raymone James;M;270;2030;1140;United States;USA;2012 Summer;2012;Summer;London;Basketball;Basketball Men's Basketball;Gold
54117;"Robert Eugene ""Bob"" Jeangerard";M;240;1900;860;United States;USA;1956 Summer;1956;Summer;Melbourne;Basketball;Basketball Men's Basketball;Gold
54163;Richard Allen Jefferson;M;240;2030;1020;United States;USA;2004 Summer;2004;Summer;Athina;Basketball;Basketball Men's Basketball;Bronze
55375;Francis Lee Johnson;M;250;1800;790;United States;USA;1936 Summer;1936;Summer;Berlin;Basketball;Basketball Men's Basketball;Gold
55424;"Earvin ""Magic"" Johnson, Jr.";M;320;2050;1000;United States;USA;1992 Summer;1992;Summer;Barcelona;Basketball;Basketball Men's Basketball;Gold
55625;"Robert Clyde ""Bobby"" Jones";M;200;2030;930;United States;USA;1972 Summer;1972;Summer;Munich;Basketball;Basketball Men's Basketball;Silver
55650;Dwight Elmo Jones;M;200;2030;930;United States;USA;1972 Summer;1972;Summer;Munich;Basketball;Basketball Men's Basketball;Silver
55686;K. C. Jones;M;240;1850;910;United States;USA;1956 Summer;1956;Summer;Melbourne;Basketball;Basketball Men's Basketball;Gold
55750;"Wallace Clayton ""Wally"" Jones";M;220;1930;1020;United States;USA;1948 Summer;1948;Summer;London;Basketball;Basketball Men's Basketball;Gold
55874;Hyland DeAndre Jordan, Jr.;M;280;2110;1200;United States;USA;2016 Summer;2016;Summer;Rio de Janeiro;Basketball;Basketball Men's Basketball;Gold
55881;Michael Jeffrey Jordan;M;210;1980;900;United States;USA;1984 Summer;1984;Summer;Los Angeles;Basketball;Basketball Men's Basketball;Gold
55881;Michael Jeffrey Jordan;M;290;1980;900;United States;USA;1992 Summer;1992;Summer;Barcelona;Basketball;Basketball Men's Basketball;Gold
56077;Kevin Francis Joyce;M;210;1910;860;United States;USA;1972 Summer;1972;Summer;Munich;Basketball;Basketball Men's Basketball;Silver
58517;John Frederick Keller;M;230;1900;840;United States;USA;1952 Summer;1952;Summer;Helsinki;Basketball;Basketball Men's Basketball;Gold
58535;Earl Allen Kelley;M;270;1830;740;United States;USA;1960 Summer;1960;Summer;Roma;Basketball;Basketball Men's Basketball;Gold
58537;Melvin Dean Kelley;M;200;1800;750;United States;USA;1952 Summer;1952;Summer;Helsinki;Basketball;Basketball Men's Basketball;Gold
58738;"Robert Earl ""Bob"" Kenney";M;210;1880;840;United States;USA;1952 Summer;1952;Summer;Helsinki;Basketball;Basketball Men's Basketball;Gold
59569;Jason Frederick Kidd;M;270;1930;960;United States;USA;2000 Summer;2000;Summer;Sydney;Basketball;Basketball Men's Basketball;Gold
59569;Jason Frederick Kidd;M;350;1930;960;United States;USA;2008 Summer;2008;Summer;Beijing;Basketball;Basketball Men's Basketball;Gold
60486;"James H. ""Jim"" King";M;250;2010;910;United States;USA;1968 Summer;1968;Summer;Mexico City;Basketball;Basketball Men's Basketball;Gold
61147;"Joseph William ""Joe"" Kleine";M;220;2110;1220;United States;USA;1984 Summer;1984;Summer;Los Angeles;Basketball;Basketball Men's Basketball;Gold
61570;Carl Stanley Knowles;M;260;1880;750;United States;USA;1936 Summer;1936;Summer;Berlin;Basketball;Basketball Men's Basketball;Gold
62376;Jon Francis Koncak;M;210;2130;1130;United States;USA;1984 Summer;1984;Summer;Los Angeles;Basketball;Basketball Men's Basketball;Gold
65055;"Mitchell William ""Mitch"" Kupchak";M;220;2080;1040;United States;USA;1976 Summer;1976;Summer;Montreal;Basketball;Basketball Men's Basketball;Gold
65146;"Robert Albert ""Bob"" Kurland";M;230;2130;1000;United States;USA;1948 Summer;1948;Summer;London;Basketball;Basketball Men's Basketball;Gold
65146;"Robert Albert ""Bob"" Kurland";M;270;2130;1000;United States;USA;1952 Summer;1952;Summer;Helsinki;Basketball;Basketball Men's Basketball;Gold
65809;Christian Donald Laettner;M;220;2110;1070;United States;USA;1992 Summer;1992;Summer;Barcelona;Basketball;Basketball Men's Basketball;Gold
65853;"Thomas Joseph ""Tom"" LaGarde";M;210;2080;970;United States;USA;1976 Summer;1976;Summer;Montreal;Basketball;Basketball Men's Basketball;Gold
66366;"Lester Everett ""Les"" Lane";M;280;1770;770;United States;USA;1960 Summer;1960;Summer;Roma;Basketball;Basketball Men's Basketball;Gold
69760;"William Barner ""Bill"" Lienhard";M;220;1950;820;United States;USA;1952 Summer;1952;Summer;Helsinki;Basketball;Basketball Men's Basketball;Gold
71729;Kevin Wesley Love;M;230;2080;1180;United States;USA;2012 Summer;2012;Summer;London;Basketball;Basketball Men's Basketball;Gold
71749;Clyde Edward Lovellette;M;220;2050;1040;United States;USA;1952 Summer;1952;Summer;Helsinki;Basketball;Basketball Men's Basketball;Gold
71822;Kyle Lowry;M;300;1830;930;United States;USA;2016 Summer;2016;Summer;Rio de Janeiro;Basketball;Basketball Men's Basketball;Gold
71965;Frank John Lubin;M;260;2000;1130;United States;USA;1936 Summer;1936;Summer;Berlin;Basketball;Basketball Men's Basketball;Gold
71996;Jerry Ray Lucas;M;200;2030;1030;United States;USA;1960 Summer;1960;Summer;Roma;Basketball;Basketball Men's Basketball;Gold
72222;"Raymond George ""Ray"" Lumpp";M;250;1850;810;United States;USA;1948 Summer;1948;Summer;London;Basketball;Basketball Men's Basketball;Gold
73750;"Daniel Lewis ""Dan"" Majerle";M;230;1980;980;United States;USA;1988 Summer;1988;Summer;Seoul;Basketball;Basketball Men's Basketball;Bronze
74176;Karl Malone;M;290;2050;1160;United States;USA;1992 Summer;1992;Summer;Barcelona;Basketball;Basketball Men's Basketball;Gold
74176;Karl Malone;M;320;2050;1160;United States;USA;1996 Summer;1996;Summer;Atlanta;Basketball;Basketball Men's Basketball;Gold
74518;"Daniel Ricardo ""Danny"" Manning";M;220;2080;1040;United States;USA;1988 Summer;1988;Summer;Seoul;Basketball;Basketball Men's Basketball;Bronze
74732;Stephon Xavier Marbury;M;270;1870;920;United States;USA;2004 Summer;2004;Summer;Athina;Basketball;Basketball Men's Basketball;Bronze
75121;Shawn Dwayne Marion;M;260;2000;970;United States;USA;2004 Summer;2004;Summer;Athina;Basketball;Basketball Men's Basketball;Bronze
76943;Scott Glenn May;M;220;2000;990;United States;USA;1976 Summer;1976;Summer;Montreal;Basketball;Basketball Men's Basketball;Gold
77254;Frank Reilly McCabe;M;250;2030;1020;United States;USA;1952 Summer;1952;Summer;Helsinki;Basketball;Basketball Men's Basketball;Gold
77266;"John Paul ""Pete"" McCaffrey";M;250;1980;980;United States;USA;1964 Summer;1964;Summer;Tokyo;Basketball;Basketball Men's Basketball;Gold
77496;Antonio Keithflen McDyess;M;260;2020;1090;United States;USA;2000 Summer;2000;Summer;Sydney;Basketball;Basketball Men's Basketball;Gold
77879;"Charles Thomas ""Tom"" McMillen";M;200;2120;950;United States;USA;1972 Summer;1972;Summer;Munich;Basketball;Basketball Men's Basketball;Silver
79930;"Reginald Wayne ""Reggie"" Miller";M;310;2000;860;United States;USA;1996 Summer;1996;Summer;Atlanta;Basketball;Basketball Men's Basketball;Gold
81220;"Arthur Owen ""Art"" Mollner";M;230;1830;730;United States;USA;1936 Summer;1936;Summer;Berlin;Basketball;Basketball Men's Basketball;Gold
82625;Alonzo Harding Mourning;M;300;2060;1170;United States;USA;2000 Summer;2000;Summer;Sydney;Basketball;Basketball Men's Basketball;Gold
83179;"Christopher Paul ""Chris"" Mullin";M;200;2000;980;United States;USA;1984 Summer;1984;Summer;Los Angeles;Basketball;Basketball Men's Basketball;Gold
83179;"Christopher Paul ""Chris"" Mullin";M;280;2000;980;United States;USA;1992 Summer;1992;Summer;Barcelona;Basketball;Basketball Men's Basketball;Gold
83188;"Jeffrey Vincent ""Jeff"" Mullins";M;220;1920;860;United States;USA;1964 Summer;1964;Summer;Tokyo;Basketball;Basketball Men's Basketball;Gold
88024;Lamar Joseph Odom;M;240;2080;1020;United States;USA;2004 Summer;2004;Summer;Athina;Basketball;Basketball Men's Basketball;Bronze
88402;"Chukwuemeka Noubuisi ""Emeka"" Okafor";M;210;2050;1150;United States;USA;2004 Summer;2004;Summer;Athina;Basketball;Basketball Men's Basketball;Bronze
88580;Hakeem Abdul Olajuwon;M;330;2130;1130;United States;USA;1996 Summer;1996;Summer;Atlanta;Basketball;Basketball Men's Basketball;Gold
89103;Shaquille Rashuan O'Neal;M;240;2160;1370;United States;USA;1996 Summer;1996;Summer;Atlanta;Basketball;Basketball Men's Basketball;Gold
92158;"Christopher Emmanuel ""Chris"" Paul";M;230;1830;830;United States;USA;2008 Summer;2008;Summer;Beijing;Basketball;Basketball Men's Basketball;Gold
92158;"Christopher Emmanuel ""Chris"" Paul";M;270;1830;830;United States;USA;2012 Summer;2012;Summer;London;Basketball;Basketball Men's Basketball;Gold
92435;Gary Dwayne Payton;M;270;1900;860;United States;USA;1996 Summer;1996;Summer;Atlanta;Basketball;Basketball Men's Basketball;Gold
92435;Gary Dwayne Payton;M;320;1900;860;United States;USA;2000 Summer;2000;Summer;Sydney;Basketball;Basketball Men's Basketball;Gold
93468;"Samuel Bruce ""Sam"" Perkins";M;230;2050;1060;United States;USA;1984 Summer;1984;Summer;Los Angeles;Basketball;Basketball Men's Basketball;Gold
95095;"Donald Arthur ""Don"" Piper";M;250;1800;730;United States;USA;1936 Summer;1936;Summer;Berlin;Basketball;Basketball Men's Basketball;Gold
95105;Scottie Maurice Pippen;M;260;2000;1020;United States;USA;1992 Summer;1992;Summer;Barcelona;Basketball;Basketball Men's Basketball;Gold
95105;Scottie Maurice Pippen;M;300;2000;1020;United States;USA;1996 Summer;1996;Summer;Atlanta;Basketball;Basketball Men's Basketball;Gold
95108;Dan Luther Pippin;M;250;1850;770;United States;USA;1952 Summer;1952;Summer;Helsinki;Basketball;Basketball Men's Basketball;Gold
95266;"Robert C. ""R. C."" Pitts";M;290;1950;910;United States;USA;1948 Summer;1948;Summer;London;Basketball;Basketball Men's Basketball;Gold
97027;Tayshaun Durell Prince;M;280;2060;930;United States;USA;2008 Summer;2008;Summer;Beijing;Basketball;Basketball Men's Basketball;Gold
98309;Jack Williamson Ragland;M;220;1830;790;United States;USA;1936 Summer;1936;Summer;Berlin;Basketball;Basketball Men's Basketball;Gold
99116;"William Edward ""Ed"" Ratleff";M;220;1980;860;United States;USA;1972 Summer;1972;Summer;Munich;Basketball;Basketball Men's Basketball;Silver
99456;Michael Wesley Redd;M;280;1980;980;United States;USA;2008 Summer;2008;Summer;Beijing;Basketball;Basketball Men's Basketball;Gold
99699;"Herman ""J. R."" Reid, Jr.";M;200;2050;1160;United States;USA;1988 Summer;1988;Summer;Seoul;Basketball;Basketball Men's Basketball;Bronze
99983;Jesse Banard Renick;M;300;1880;840;United States;USA;1948 Summer;1948;Summer;London;Basketball;Basketball Men's Basketball;Gold
100591;"Mitchell James ""Mitch"" Richmond, III";M;230;1950;980;United States;USA;1988 Summer;1988;Summer;Seoul;Basketball;Basketball Men's Basketball;Bronze
100591;"Mitchell James ""Mitch"" Richmond, III";M;310;1950;980;United States;USA;1996 Summer;1996;Summer;Atlanta;Basketball;Basketball Men's Basketball;Gold
101337;Alvin Cyrrale Robertson;M;220;1930;880;United States;USA;1984 Summer;1984;Summer;Los Angeles;Basketball;Basketball Men's Basketball;Gold
101376;Oscar Palmer Robertson;M;210;1960;900;United States;USA;1960 Summer;1960;Summer;Roma;Basketball;Basketball Men's Basketball;Gold
101428;David Maurice Robinson;M;230;2160;1070;United States;USA;1988 Summer;1988;Summer;Seoul;Basketball;Basketball Men's Basketball;Bronze
101428;David Maurice Robinson;M;260;2160;1070;United States;USA;1992 Summer;1992;Summer;Barcelona;Basketball;Basketball Men's Basketball;Gold
101428;David Maurice Robinson;M;300;2160;1070;United States;USA;1996 Summer;1996;Summer;Atlanta;Basketball;Basketball Men's Basketball;Gold
101443;"Robert Lloyd Jackson ""Jack"" Robinson";M;210;1830;820;United States;USA;1948 Summer;1948;Summer;London;Basketball;Basketball Men's Basketball;Gold
102177;"Kenneth Herman ""Kenny"" Rollins";M;240;1830;790;United States;USA;1948 Summer;1948;Summer;London;Basketball;Basketball Men's Basketball;Gold
103602;"William Fenton ""Bill"" Russell";M;220;2070;1000;United States;USA;1956 Summer;1956;Summer;Melbourne;Basketball;Basketball Men's Basketball;Gold
106116;Glynn Saulters;M;230;1880;800;United States;USA;1968 Summer;1968;Summer;Mexico City;Basketball;Basketball Men's Basketball;Gold
107150;Willard Theodore Schmidt;M;260;2050;860;United States;USA;1936 Summer;1936;Summer;Berlin;Basketball;Basketball Men's Basketball;Gold
107981;"Charles Thomas ""Charlie"" Scott";M;190;1960;820;United States;USA;1968 Summer;1968;Summer;Mexico City;Basketball;Basketball Men's Basketball;Gold
109591;"Steven Bernard ""Steve"" Sheppard";M;220;1980;950;United States;USA;1976 Summer;1976;Summer;Montreal;Basketball;Basketball Men's Basketball;Gold
109860;Jerry Franklin Shipp;M;290;1980;890;United States;USA;1964 Summer;1964;Summer;Tokyo;Basketball;Basketball Men's Basketball;Gold
110112;Carl Leslie Shy;M;270;1830;770;United States;USA;1936 Summer;1936;Summer;Berlin;Basketball;Basketball Men's Basketball;Gold
110472;"Michael Barnwell ""Mike"" Silliman";M;240;1980;1050;United States;USA;1968 Summer;1968;Summer;Mexico City;Basketball;Basketball Men's Basketball;Gold
112172;Adrian Howard Smith;M;230;1860;810;United States;USA;1960 Summer;1960;Summer;Roma;Basketball;Basketball Men's Basketball;Gold
112214;Charles Daniel H. Smith;M;230;2080;1000;United States;USA;1988 Summer;1988;Summer;Seoul;Basketball;Basketball Men's Basketball;Bronze
112404;"Steven Delano ""Steve"" Smith";M;310;2000;1000;United States;USA;2000 Summer;2000;Summer;Sydney;Basketball;Basketball Men's Basketball;Gold
112446;Charles Edward Smith, IV;M;200;1850;750;United States;USA;1988 Summer;1988;Summer;Seoul;Basketball;Basketball Men's Basketball;Bronze
113637;"John Kenneth ""Ken"" Spain";M;220;2060;1090;United States;USA;1968 Summer;1968;Summer;Mexico City;Basketball;Basketball Men's Basketball;Gold
115325;John Houston Stockton;M;300;1850;790;United States;USA;1992 Summer;1992;Summer;Barcelona;Basketball;Basketball Men's Basketball;Gold
115325;John Houston Stockton;M;340;1850;790;United States;USA;1996 Summer;1996;Summer;Atlanta;Basketball;Basketball Men's Basketball;Gold
115540;Amar'e Carsares Stoudemire;M;240;2000;1020;United States;USA;2004 Summer;2004;Summer;Athina;Basketball;Basketball Men's Basketball;Bronze
117072;Duane Alexander Swanson;M;220;1880;790;United States;USA;1936 Summer;1936;Summer;Berlin;Basketball;Basketball Men's Basketball;Gold
119932;Klay Alexander Thompson;M;260;2000;970;United States;USA;2016 Summer;2016;Summer;Rio de Janeiro;Basketball;Basketball Men's Basketball;Gold
120501;Wayman Lawrence Tisdale;M;200;2050;1180;United States;USA;1984 Summer;1984;Summer;Los Angeles;Basketball;Basketball Men's Basketball;Gold
121001;"Ronald Paul ""Ron"" Tomsic";M;230;1800;820;United States;USA;1956 Summer;1956;Summer;Melbourne;Basketball;Basketball Men's Basketball;Gold
122786;"Jeffrey Stephen ""Jeff"" Turner";M;220;2050;1040;United States;USA;1984 Summer;1984;Summer;Los Angeles;Basketball;Basketball Men's Basketball;Gold
127833;Dwyane Tyrone Wade, Jr.;M;220;1930;960;United States;USA;2004 Summer;2004;Summer;Athina;Basketball;Basketball Men's Basketball;Bronze
127833;Dwyane Tyrone Wade, Jr.;M;260;1930;960;United States;USA;2008 Summer;2008;Summer;Beijing;Basketball;Basketball Men's Basketball;Gold
128271;"James Patrick ""Jim"" Walsh";M;260;1930;860;United States;USA;1956 Summer;1956;Summer;Melbourne;Basketball;Basketball Men's Basketball;Gold
129769;"Jerome Alan ""Jerry"" West";M;220;1910;810;United States;USA;1960 Summer;1960;Summer;Roma;Basketball;Basketball Men's Basketball;Gold
129792;Russell Westbrook, Jr.;M;230;1910;850;United States;USA;2012 Summer;2012;Summer;London;Basketball;Basketball Men's Basketball;Gold
129925;"William John ""Bill"" Wheatley";M;270;1880;790;United States;USA;1936 Summer;1936;Summer;Berlin;Basketball;Basketball Men's Basketball;Gold
129996;"Joseph Henry ""Jo-Jo"" White";M;210;1910;890;United States;USA;1968 Summer;1968;Summer;Mexico City;Basketball;Basketball Men's Basketball;Gold
130580;Deron Michael Williams;M;240;1910;950;United States;USA;2008 Summer;2008;Summer;Beijing;Basketball;Basketball Men's Basketball;Gold
130580;Deron Michael Williams;M;280;1910;950;United States;USA;2012 Summer;2012;Summer;London;Basketball;Basketball Men's Basketball;Gold
130602;"Howard Earl ""Howie"" Williams";M;240;1830;760;United States;USA;1952 Summer;1952;Summer;Helsinki;Basketball;Basketball Men's Basketball;Gold
130843;"George ""Jiff"" Wilson";M;220;2030;950;United States;USA;1964 Summer;1964;Summer;Tokyo;Basketball;Basketball Men's Basketball;Gold
131486;Osie Leon Wood, III;M;220;1900;860;United States;USA;1984 Summer;1984;Summer;Los Angeles;Basketball;Basketball Men's Basketball;Gold
